{"indexes":[{"v":{"$numberInt":"2"},"key":{"_id":{"$numberInt":"1"}},"name":"_id_"},{"v":{"$numberInt":"2"},"key":{"_fts":"text","_ftsx":{"$numberInt":"1"}},"name":"songs.name_text","weights":{"songs.name":{"$numberInt":"1"}},"default_language":"english","language_override":"language","textIndexVersion":{"$numberInt":"3"}},{"v":{"$numberInt":"2"},"key":{"title":{"$numberInt":"1"},"artists":{"$numberInt":"1"}},"name":"title_1_artists_1","hidden":true}],"uuid":"56c2c38d51394beca6c4d9ea951bb2d2","collectionName":"albums","type":"collection"}